key	english	file	line
LA.settings.customReactions.name	LA.settings.customReactions.name	scripts/activations/reaction-manager.js	181
LA.settings.customReactions.hint	LA.settings.customReactions.hint	scripts/activations/reaction-manager.js	182
LA.settings.generalReactions.name	LA.settings.generalReactions.name	scripts/activations/reaction-manager.js	190
LA.settings.generalReactions.hint	LA.settings.generalReactions.hint	scripts/activations/reaction-manager.js	191
LA.settings.reactionConfig.name	LA.settings.reactionConfig.name	scripts/activations/reaction-manager.js	199
LA.settings.reactionConfig.hint	LA.settings.reactionConfig.hint	scripts/activations/reaction-manager.js	201
LA.settings.reactionConfig.label	LA.settings.reactionConfig.label	scripts/activations/reaction-manager.js	200
LA.settings.activationFolders.name	LA.settings.activationFolders.name	scripts/activations/reaction-manager.js	208
LA.settings.activationFolders.hint	LA.settings.activationFolders.hint	scripts/activations/reaction-manager.js	209
LA.settings.startupScripts.name	LA.settings.startupScripts.name	scripts/activations/reaction-manager.js	217
LA.settings.startupScripts.hint	LA.settings.startupScripts.hint	scripts/activations/reaction-manager.js	218
LA.settings.enableLaSossisItems.name	LA.settings.enableLaSossisItems.name	scripts/activations/reaction-manager.js	226
LA.settings.enableLaSossisItems.hint	LA.settings.enableLaSossisItems.hint	scripts/activations/reaction-manager.js	227
LA.settings.enablePersonalStuff.name	LA.settings.enablePersonalStuff.name	scripts/activations/reaction-manager.js	236
LA.settings.enablePersonalStuff.hint	LA.settings.enablePersonalStuff.hint	scripts/activations/reaction-manager.js	237
LA.settings.speedProvider.colorStandard.name	LA.settings.speedProvider.colorStandard.name	scripts/combat/speed-provider.js	64
LA.settings.speedProvider.colorBoost.name	LA.settings.speedProvider.colorBoost.name	scripts/combat/speed-provider.js	67
LA.settings.speedProvider.colorOverBoost.name	LA.settings.speedProvider.colorOverBoost.name	scripts/combat/speed-provider.js	70
LA.settings.speedProvider.colorFreeMovement.name	LA.settings.speedProvider.colorFreeMovement.name	scripts/combat/speed-provider.js	73
LA.settings.speedProvider.colorForceMovement.name	LA.settings.speedProvider.colorForceMovement.name	scripts/combat/speed-provider.js	76
LA.settings.advMeasureScale.name	LA.settings.advMeasureScale.name	scripts/interactive/tools/advancedMeasure.js	1005
LA.settings.advMeasureScale.hint	LA.settings.advMeasureScale.hint	scripts/interactive/tools/advancedMeasure.js	1006
LA.settings.ctrlRulerMode.choices.none	LA.settings.ctrlRulerMode.choices.none	scripts/interactive/tools/advancedMeasure.js	1014
LA.settings.ctrlRulerMode.choices.tool	LA.settings.ctrlRulerMode.choices.tool	scripts/interactive/tools/advancedMeasure.js	1014
LA.settings.ctrlRulerMode.choices.always	LA.settings.ctrlRulerMode.choices.always	scripts/interactive/tools/advancedMeasure.js	1014
LA.keybindings.resetMovement.name	LA.keybindings.resetMovement.name	scripts/main.js	584
LA.keybindings.resetMovement.hint	LA.keybindings.resetMovement.hint	scripts/main.js	585
LA.keybindings.cardTargeting.name	LA.keybindings.cardTargeting.name	scripts/main.js	601
LA.keybindings.cardTargeting.hint	LA.keybindings.cardTargeting.hint	scripts/main.js	602
LA.keybindings.advancedMeasure.name	LA.keybindings.advancedMeasure.name	scripts/main.js	606
LA.keybindings.advancedMeasure.hint	LA.keybindings.advancedMeasure.hint	scripts/main.js	607
LA.settings.historyClearOnTurn.name	LA.settings.historyClearOnTurn.name	scripts/movement/history.js	213
LA.settings.historyClearOnTurn.hint	LA.settings.historyClearOnTurn.hint	scripts/movement/history.js	214
LA.settings.historyClearOnRound.name	LA.settings.historyClearOnRound.name	scripts/movement/history.js	221
LA.settings.historyClearOnRound.hint	LA.settings.historyClearOnRound.hint	scripts/movement/history.js	222
LA.keybindings.freeMovement.name	LA.keybindings.freeMovement.name	scripts/movement/keybindings.js	83
LA.keybindings.freeMovement.hint	LA.keybindings.freeMovement.hint	scripts/movement/keybindings.js	84
LA.keybindings.debugMovement.name	LA.keybindings.debugMovement.name	scripts/movement/keybindings.js	99
LA.keybindings.debugMovement.hint	LA.keybindings.debugMovement.hint	scripts/movement/keybindings.js	100
LA.keybindings.togglePathfinding.name	LA.keybindings.togglePathfinding.name	scripts/movement/keybindings.js	115
LA.keybindings.togglePathfinding.hint	LA.keybindings.togglePathfinding.hint	scripts/movement/keybindings.js	116
LA.keybindings.toggleAutoElevation.name	LA.keybindings.toggleAutoElevation.name	scripts/movement/keybindings.js	134
LA.keybindings.toggleAutoElevation.hint	LA.keybindings.toggleAutoElevation.hint	scripts/movement/keybindings.js	135
LA.keybindings.movementWheel.name	LA.keybindings.movementWheel.name	scripts/movement/movement-wheel.js	127
LA.keybindings.movementWheel.hint	LA.keybindings.movementWheel.hint	scripts/movement/movement-wheel.js	128
LA.settings.enableTacticalDistance.choices.off	LA.settings.enableTacticalDistance.choices.off	scripts/movement/tactical-distance.js	517
LA.settings.enableTacticalDistance.choices.combat	LA.settings.enableTacticalDistance.choices.combat	scripts/movement/tactical-distance.js	517
LA.settings.enableTacticalDistance.choices.always	LA.settings.enableTacticalDistance.choices.always	scripts/movement/tactical-distance.js	517
LA.settings.tacticalLabelPosition.choices.above	LA.settings.tacticalLabelPosition.choices.above	scripts/movement/tactical-distance.js	534
LA.settings.tacticalLabelPosition.choices.below	LA.settings.tacticalLabelPosition.choices.below	scripts/movement/tactical-distance.js	534
LA.settings.visionAnimationThrottleFps.name	LA.settings.visionAnimationThrottleFps.name	scripts/movement/vision-throttle.js	43
LA.settings.visionAnimationThrottleFps.hint	LA.settings.visionAnimationThrottleFps.hint	scripts/movement/vision-throttle.js	44
LA.settings.settingsOnboardingMenu.name	LA.settings.settingsOnboardingMenu.name	scripts/setup/settings-onboarding.js	1353
LA.settings.settingsOnboardingMenu.hint	LA.settings.settingsOnboardingMenu.hint	scripts/setup/settings-onboarding.js	1355
LA.settings.settingsOnboardingMenu.label	LA.settings.settingsOnboardingMenu.label	scripts/setup/settings-onboarding.js	1354
LA.settings.reactionNotificationMode.name	LA.settings.reactionNotificationMode.name	scripts/setup/settings-register.js	30
LA.settings.reactionNotificationMode.hint	LA.settings.reactionNotificationMode.hint	scripts/setup/settings-register.js	31
LA.settings.reactionNotificationMode.choices.both	LA.settings.reactionNotificationMode.choices.both	scripts/setup/settings-register.js	29
LA.settings.reactionNotificationMode.choices.gm	LA.settings.reactionNotificationMode.choices.gm	scripts/setup/settings-register.js	29
LA.settings.reactionNotificationMode.choices.owner	LA.settings.reactionNotificationMode.choices.owner	scripts/setup/settings-register.js	29
LA.settings.effectNotificationMode.name	LA.settings.effectNotificationMode.name	scripts/setup/settings-register.js	44
LA.settings.effectNotificationMode.hint	LA.settings.effectNotificationMode.hint	scripts/setup/settings-register.js	45
LA.settings.effectNotificationMode.choices.public	LA.settings.effectNotificationMode.choices.public	scripts/setup/settings-register.js	43
LA.settings.effectNotificationMode.choices.whisper	LA.settings.effectNotificationMode.choices.whisper	scripts/setup/settings-register.js	43
LA.settings.effectNotificationMode.choices.off	LA.settings.effectNotificationMode.choices.off	scripts/setup/settings-register.js	43
LA.settings.consumeReaction.name	LA.settings.consumeReaction.name	scripts/setup/settings-register.js	58
LA.settings.consumeReaction.hint	LA.settings.consumeReaction.hint	scripts/setup/settings-register.js	59
LA.settings.consumeAction.name	LA.settings.consumeAction.name	scripts/setup/settings-register.js	81
LA.settings.consumeAction.hint	LA.settings.consumeAction.hint	scripts/setup/settings-register.js	82
LA.settings.overlapTokenPicker.name	LA.settings.overlapTokenPicker.name	scripts/setup/settings-register.js	90
LA.settings.overlapTokenPicker.hint	LA.settings.overlapTokenPicker.hint	scripts/setup/settings-register.js	91
LA.settings.autoFocusDuration.name	LA.settings.autoFocusDuration.name	scripts/setup/settings-register.js	99
LA.settings.autoFocusDuration.hint	LA.settings.autoFocusDuration.hint	scripts/setup/settings-register.js	100
LA.settings.autoFocusCards.name	LA.settings.autoFocusCards.name	scripts/setup/settings-register.js	109
LA.settings.autoFocusCards.hint	LA.settings.autoFocusCards.hint	scripts/setup/settings-register.js	110
LA.settings.autoFocusAttack.name	LA.settings.autoFocusAttack.name	scripts/setup/settings-register.js	118
LA.settings.autoFocusAttack.hint	LA.settings.autoFocusAttack.hint	scripts/setup/settings-register.js	119
LA.settings.autoFocusDamage.name	LA.settings.autoFocusDamage.name	scripts/setup/settings-register.js	127
LA.settings.autoFocusDamage.hint	LA.settings.autoFocusDamage.hint	scripts/setup/settings-register.js	128
LA.settings.autoFocusCheck.name	LA.settings.autoFocusCheck.name	scripts/setup/settings-register.js	136
LA.settings.autoFocusCheck.hint	LA.settings.autoFocusCheck.hint	scripts/setup/settings-register.js	137
LA.settings.autoFocusActivation.name	LA.settings.autoFocusActivation.name	scripts/setup/settings-register.js	145
LA.settings.autoFocusActivation.hint	LA.settings.autoFocusActivation.hint	scripts/setup/settings-register.js	146
LA.settings.showBonusHudButton.name	LA.settings.showBonusHudButton.name	scripts/setup/settings-register.js	154
LA.settings.showBonusHudButton.hint	LA.settings.showBonusHudButton.hint	scripts/setup/settings-register.js	155
LA.settings.showStatusEffectsHudButton.name	LA.settings.showStatusEffectsHudButton.name	scripts/setup/settings-register.js	163
LA.settings.showStatusEffectsHudButton.hint	LA.settings.showStatusEffectsHudButton.hint	scripts/setup/settings-register.js	164
LA.settings.showCombatStateHudButton.name	LA.settings.showCombatStateHudButton.name	scripts/setup/settings-register.js	172
LA.settings.showCombatStateHudButton.hint	LA.settings.showCombatStateHudButton.hint	scripts/setup/settings-register.js	173
LA.settings.showTargetStateHudButton.name	LA.settings.showTargetStateHudButton.name	scripts/setup/settings-register.js	181
LA.settings.showTargetStateHudButton.hint	LA.settings.showTargetStateHudButton.hint	scripts/setup/settings-register.js	182
LA.settings.showRevertMovementHudButton.name	LA.settings.showRevertMovementHudButton.name	scripts/setup/settings-register.js	190
LA.settings.showRevertMovementHudButton.hint	LA.settings.showRevertMovementHudButton.hint	scripts/setup/settings-register.js	191
LA.settings.statusHalo.name	LA.settings.statusHalo.name	scripts/setup/settings-register.js	199
LA.settings.statusHalo.hint	LA.settings.statusHalo.hint	scripts/setup/settings-register.js	200
LA.settings.statusHaloRadius.name	LA.settings.statusHaloRadius.name	scripts/setup/settings-register.js	209
LA.settings.statusHaloRadius.hint	LA.settings.statusHaloRadius.hint	scripts/setup/settings-register.js	210
LA.settings.statusIconMinZoomScale.name	LA.settings.statusIconMinZoomScale.name	scripts/setup/settings-register.js	220
LA.settings.statusIconMinZoomScale.hint	LA.settings.statusIconMinZoomScale.hint	scripts/setup/settings-register.js	221
LA.settings.statusHaloStartAngle.name	LA.settings.statusHaloStartAngle.name	scripts/setup/settings-register.js	231
LA.settings.statusHaloStartAngle.hint	LA.settings.statusHaloStartAngle.hint	scripts/setup/settings-register.js	232
LA.settings.statusIconHover.name	LA.settings.statusIconHover.name	scripts/setup/settings-register.js	242
LA.settings.statusIconHover.hint	LA.settings.statusIconHover.hint	scripts/setup/settings-register.js	243
LA.settings.statusCounterColor.name	LA.settings.statusCounterColor.name	scripts/setup/settings-register.js	251
LA.settings.statusCounterColor.hint	LA.settings.statusCounterColor.hint	scripts/setup/settings-register.js	252
LA.settings.statusUsageColor.name	LA.settings.statusUsageColor.name	scripts/setup/settings-register.js	261
LA.settings.statusUsageColor.hint	LA.settings.statusUsageColor.hint	scripts/setup/settings-register.js	262
LA.settings.statusDurationColor.name	LA.settings.statusDurationColor.name	scripts/setup/settings-register.js	275
LA.settings.statusDurationColor.hint	LA.settings.statusDurationColor.hint	scripts/setup/settings-register.js	276
LA.settings.statusBadgeFontScale.name	LA.settings.statusBadgeFontScale.name	scripts/setup/settings-register.js	285
LA.settings.statusBadgeFontScale.hint	LA.settings.statusBadgeFontScale.hint	scripts/setup/settings-register.js	286
LA.settings.additionalStatuses.name	LA.settings.additionalStatuses.name	scripts/setup/settings-register.js	298
LA.settings.additionalStatuses.hint	LA.settings.additionalStatuses.hint	scripts/setup/settings-register.js	299
LA.settings.enablePerRoundTurnTags.name	LA.settings.enablePerRoundTurnTags.name	scripts/setup/settings-register.js	308
LA.settings.enablePerRoundTurnTags.hint	LA.settings.enablePerRoundTurnTags.hint	scripts/setup/settings-register.js	309
LA.settings.enableInfectionDamageIntegration.name	LA.settings.enableInfectionDamageIntegration.name	scripts/setup/settings-register.js	318
LA.settings.enableInfectionDamageIntegration.hint	LA.settings.enableInfectionDamageIntegration.hint	scripts/setup/settings-register.js	319
LA.settings.convertHeatToEnergyOnHeatless.name	LA.settings.convertHeatToEnergyOnHeatless.name	scripts/setup/settings-register.js	328
LA.settings.convertHeatToEnergyOnHeatless.hint	LA.settings.convertHeatToEnergyOnHeatless.hint	scripts/setup/settings-register.js	329
LA.settings.resistSelfHeat.name	LA.settings.resistSelfHeat.name	scripts/setup/settings-register.js	337
LA.settings.resistSelfHeat.hint	LA.settings.resistSelfHeat.hint	scripts/setup/settings-register.js	338
LA.settings.autoDamageRoll.name	LA.settings.autoDamageRoll.name	scripts/setup/settings-register.js	346
LA.settings.autoDamageRoll.hint	LA.settings.autoDamageRoll.hint	scripts/setup/settings-register.js	347
LA.settings.autoDamageApply.name	LA.settings.autoDamageApply.name	scripts/setup/settings-register.js	355
LA.settings.autoDamageApply.hint	LA.settings.autoDamageApply.hint	scripts/setup/settings-register.js	356
LA.settings.autoStructFollowup.name	LA.settings.autoStructFollowup.name	scripts/setup/settings-register.js	364
LA.settings.autoStructFollowup.hint	LA.settings.autoStructFollowup.hint	scripts/setup/settings-register.js	365
LA.settings.enableKnockbackFlow.name	LA.settings.enableKnockbackFlow.name	scripts/setup/settings-register.js	373
LA.settings.enableKnockbackFlow.hint	LA.settings.enableKnockbackFlow.hint	scripts/setup/settings-register.js	374
LA.settings.enableThrowFlow.name	LA.settings.enableThrowFlow.name	scripts/setup/settings-register.js	382
LA.settings.enableThrowFlow.hint	LA.settings.enableThrowFlow.hint	scripts/setup/settings-register.js	383
LA.settings.statRollTargeting.name	LA.settings.statRollTargeting.name	scripts/setup/settings-register.js	391
LA.settings.statRollTargeting.hint	LA.settings.statRollTargeting.hint	scripts/setup/settings-register.js	392
LA.settings.uplinkEnabled.name	LA.settings.uplinkEnabled.name	scripts/setup/settings-register.js	400
LA.settings.uplinkEnabled.hint	LA.settings.uplinkEnabled.hint	scripts/setup/settings-register.js	401
LA.settings.uplinkAutoOpen.name	LA.settings.uplinkAutoOpen.name	scripts/setup/settings-register.js	409
LA.settings.uplinkAutoOpen.hint	LA.settings.uplinkAutoOpen.hint	scripts/setup/settings-register.js	410
LA.settings.weaponFxAboveTokens.name	LA.settings.weaponFxAboveTokens.name	scripts/setup/settings-register.js	432
LA.settings.weaponFxAboveTokens.hint	LA.settings.weaponFxAboveTokens.hint	scripts/setup/settings-register.js	433
LA.settings.enableAttackTargeting.name	LA.settings.enableAttackTargeting.name	scripts/setup/settings-register.js	441
LA.settings.enableAttackTargeting.hint	LA.settings.enableAttackTargeting.hint	scripts/setup/settings-register.js	442
LA.settings.enableDamageTargeting.name	LA.settings.enableDamageTargeting.name	scripts/setup/settings-register.js	450
LA.settings.enableDamageTargeting.hint	LA.settings.enableDamageTargeting.hint	scripts/setup/settings-register.js	451
LA.settings.clearTargetsAfterRoll.name	LA.settings.clearTargetsAfterRoll.name	scripts/setup/settings-register.js	459
LA.settings.clearTargetsAfterRoll.hint	LA.settings.clearTargetsAfterRoll.hint	scripts/setup/settings-register.js	460
LA.settings.targetInfoDisplay.name	LA.settings.targetInfoDisplay.name	scripts/setup/settings-register.js	468
LA.settings.targetInfoDisplay.hint	LA.settings.targetInfoDisplay.hint	scripts/setup/settings-register.js	469
LA.settings.targetInfoDisplay.choices.off	LA.settings.targetInfoDisplay.choices.off	scripts/setup/settings-register.js	467
LA.settings.targetInfoDisplay.choices.gm	LA.settings.targetInfoDisplay.choices.gm	scripts/setup/settings-register.js	467
LA.settings.targetInfoDisplay.choices.all	LA.settings.targetInfoDisplay.choices.all	scripts/setup/settings-register.js	467
LA.settings.autoStartTargetPicking.name	LA.settings.autoStartTargetPicking.name	scripts/setup/settings-register.js	482
LA.settings.autoStartTargetPicking.hint	LA.settings.autoStartTargetPicking.hint	scripts/setup/settings-register.js	483
LA.settings.displayToolsToOthers.name	LA.settings.displayToolsToOthers.name	scripts/setup/settings-register.js	491
LA.settings.displayToolsToOthers.hint	LA.settings.displayToolsToOthers.hint	scripts/setup/settings-register.js	492
LA.settings.treatGenericPrintAsActivation.name	LA.settings.treatGenericPrintAsActivation.name	scripts/setup/settings-register.js	500
LA.settings.treatGenericPrintAsActivation.hint	LA.settings.treatGenericPrintAsActivation.hint	scripts/setup/settings-register.js	501
LA.settings.enableMovementCapDetection.name	LA.settings.enableMovementCapDetection.name	scripts/setup/settings-register.js	509
LA.settings.enableMovementCapDetection.hint	LA.settings.enableMovementCapDetection.hint	scripts/setup/settings-register.js	510
LA.settings.enableBoostOffer.name	LA.settings.enableBoostOffer.name	scripts/setup/settings-register.js	518
LA.settings.enableBoostOffer.hint	LA.settings.enableBoostOffer.hint	scripts/setup/settings-register.js	519
LA.settings.enableBoostOffer.choices.no	LA.settings.enableBoostOffer.choices.no	scripts/setup/settings-register.js	517
LA.settings.enableBoostOffer.choices.yes	LA.settings.enableBoostOffer.choices.yes	scripts/setup/settings-register.js	517
LA.settings.enableBoostOffer.choices.auto	LA.settings.enableBoostOffer.choices.auto	scripts/setup/settings-register.js	517
LA.settings.showDeployableLines.name	LA.settings.showDeployableLines.name	scripts/setup/settings-register.js	532
LA.settings.showDeployableLines.hint	LA.settings.showDeployableLines.hint	scripts/setup/settings-register.js	533
LA.settings.enableAltStruct.name	LA.settings.enableAltStruct.name	scripts/setup/settings-register.js	542
LA.settings.enableAltStruct.hint	LA.settings.enableAltStruct.hint	scripts/setup/settings-register.js	543
LA.settings.enableOneStructNpc.name	LA.settings.enableOneStructNpc.name	scripts/setup/settings-register.js	553
LA.settings.enableOneStructNpc.hint	LA.settings.enableOneStructNpc.hint	scripts/setup/settings-register.js	554
LA.settings.dragVisionMultiplier.name	LA.settings.dragVisionMultiplier.name	scripts/setup/settings-register.js	563
LA.settings.dragVisionMultiplier.hint	LA.settings.dragVisionMultiplier.hint	scripts/setup/settings-register.js	564
LA.settings.rangePulseLineOpacity.name	LA.settings.rangePulseLineOpacity.name	scripts/setup/settings-register.js	573
LA.settings.rangePulseLineOpacity.hint	LA.settings.rangePulseLineOpacity.hint	scripts/setup/settings-register.js	574
LA.settings.rangePulseWaveOpacity.name	LA.settings.rangePulseWaveOpacity.name	scripts/setup/settings-register.js	583
LA.settings.rangePulseWaveOpacity.hint	LA.settings.rangePulseWaveOpacity.hint	scripts/setup/settings-register.js	584
LA.settings.rangePulseLineWidth.name	LA.settings.rangePulseLineWidth.name	scripts/setup/settings-register.js	593
LA.settings.rangePulseLineWidth.hint	LA.settings.rangePulseLineWidth.hint	scripts/setup/settings-register.js	594
LA.settings.rangePulseLos.name	LA.settings.rangePulseLos.name	scripts/setup/settings-register.js	603
LA.settings.rangePulseLos.hint	LA.settings.rangePulseLos.hint	scripts/setup/settings-register.js	604
LA.settings.rangePulseSpeed.name	LA.settings.rangePulseSpeed.name	scripts/setup/settings-register.js	612
LA.settings.rangePulseSpeed.hint	LA.settings.rangePulseSpeed.hint	scripts/setup/settings-register.js	613
LA.settings.rangePulseStyle.name	LA.settings.rangePulseStyle.name	scripts/setup/settings-register.js	622
LA.settings.rangePulseStyle.hint	LA.settings.rangePulseStyle.hint	scripts/setup/settings-register.js	623
LA.settings.rangePulseStyle.choices.inset	LA.settings.rangePulseStyle.choices.inset	scripts/setup/settings-register.js	621
LA.settings.rangePulseStyle.choices.bracket	LA.settings.rangePulseStyle.choices.bracket	scripts/setup/settings-register.js	621
LA.settings.rangePulseMotion.name	LA.settings.rangePulseMotion.name	scripts/setup/settings-register.js	635
LA.settings.rangePulseMotion.hint	LA.settings.rangePulseMotion.hint	scripts/setup/settings-register.js	636
LA.settings.rangePulseMotion.choices.wave	LA.settings.rangePulseMotion.choices.wave	scripts/setup/settings-register.js	634
LA.settings.rangePulseMotion.choices.bloom	LA.settings.rangePulseMotion.choices.bloom	scripts/setup/settings-register.js	634
LA.settings.enableWrecks.name	LA.settings.enableWrecks.name	scripts/setup/settings-register.js	649
LA.settings.enableWrecks.hint	LA.settings.enableWrecks.hint	scripts/setup/settings-register.js	650
LA.settings.wreckMode_${cat}.name	LA.settings.wreckMode.name	scripts/setup/settings-register.js	665
LA.settings.wreckMode_${cat}.hint	LA.settings.wreckMode.hint	scripts/setup/settings-register.js	666
LA.settings.wreckTerrain_${cat}.name	LA.settings.wreckTerrain.name	scripts/setup/settings-register.js	674
LA.settings.wreckTerrain_${cat}.hint	LA.settings.wreckTerrain.hint	scripts/setup/settings-register.js	675
LA.settings.wreckTerrain_${cat}.choices.none	LA.settings.wreckTerrain.choices.none	scripts/setup/settings-register.js	673
LA.settings.wreckTerrain_${cat}.choices.terrain	LA.settings.wreckTerrain.choices.terrain	scripts/setup/settings-register.js	673
LA.settings.wreckTerrain_${cat}.choices.aura	LA.settings.wreckTerrain.choices.aura	scripts/setup/settings-register.js	673
LA.settings.wreckAuraColor.name	LA.settings.wreckAuraColor.name	scripts/setup/settings-register.js	688
LA.settings.wreckAuraColor.hint	LA.settings.wreckAuraColor.hint	scripts/setup/settings-register.js	689
LA.settings.wreckAuraOpacity.name	LA.settings.wreckAuraOpacity.name	scripts/setup/settings-register.js	696
LA.settings.wreckAuraOpacity.hint	LA.settings.wreckAuraOpacity.hint	scripts/setup/settings-register.js	697
LA.settings.wreckAssetsPath.name	LA.settings.wreckAssetsPath.name	scripts/setup/settings-register.js	705
LA.settings.wreckAssetsPath.hint	LA.settings.wreckAssetsPath.hint	scripts/setup/settings-register.js	706
LA.settings.enableRemoveFromCombat.name	LA.settings.enableRemoveFromCombat.name	scripts/setup/settings-register.js	719
LA.settings.enableRemoveFromCombat.hint	LA.settings.enableRemoveFromCombat.hint	scripts/setup/settings-register.js	720
LA.settings.enableWreckAnimation.name	LA.settings.enableWreckAnimation.name	scripts/setup/settings-register.js	727
LA.settings.enableWreckAnimation.hint	LA.settings.enableWreckAnimation.hint	scripts/setup/settings-register.js	728
LA.settings.enableWreckAudio.name	LA.settings.enableWreckAudio.name	scripts/setup/settings-register.js	735
LA.settings.enableWreckAudio.hint	LA.settings.enableWreckAudio.hint	scripts/setup/settings-register.js	736
LA.settings.squadLostOnDeath.name	LA.settings.squadLostOnDeath.name	scripts/setup/settings-register.js	743
LA.settings.squadLostOnDeath.hint	LA.settings.squadLostOnDeath.hint	scripts/setup/settings-register.js	744
LA.settings.wreckTerrainType.name	LA.settings.wreckTerrainType.name	scripts/setup/settings-register.js	751
LA.settings.wreckTerrainType.hint	LA.settings.wreckTerrainType.hint	scripts/setup/settings-register.js	752
LA.settings.guardianBulwarkAuraMode.choices.off	LA.settings.guardianBulwarkAuraMode.choices.off	scripts/setup/settings-register.js	758
LA.settings.guardianBulwarkAuraMode.choices.combat	LA.settings.guardianBulwarkAuraMode.choices.combat	scripts/setup/settings-register.js	758
LA.settings.guardianBulwarkAuraMode.choices.always	LA.settings.guardianBulwarkAuraMode.choices.always	scripts/setup/settings-register.js	758
LA.settings.scanJournalSource.choices.system	LA.settings.scanJournalSource.choices.system	scripts/setup/settings-register.js	781
LA.settings.scanJournalSource.choices.lancer-automations	LA.settings.scanJournalSource.choices.lancer-automations	scripts/setup/settings-register.js	781
LA.settings.scanPlayerOwnershipMode.choices.self	LA.settings.scanPlayerOwnershipMode.choices.self	scripts/setup/settings-register.js	791
LA.settings.scanPlayerOwnershipMode.choices.all	LA.settings.scanPlayerOwnershipMode.choices.all	scripts/setup/settings-register.js	791
LA.settings.scanPlayerOwnershipMode.choices.group	LA.settings.scanPlayerOwnershipMode.choices.group	scripts/setup/settings-register.js	791
LA.settings.wreckMasterVolume.name	LA.settings.wreckMasterVolume.name	scripts/setup/settings-register.js	821
LA.settings.wreckMasterVolume.hint	LA.settings.wreckMasterVolume.hint	scripts/setup/settings-register.js	822
LA.settings.disableHumanDeathSound.name	LA.settings.disableHumanDeathSound.name	scripts/setup/settings-register.js	830
LA.settings.disableHumanDeathSound.hint	LA.settings.disableHumanDeathSound.hint	scripts/setup/settings-register.js	831
LA.settings.allowHalfSizeTokens.name	LA.settings.allowHalfSizeTokens.name	scripts/setup/settings-register.js	838
LA.settings.allowHalfSizeTokens.hint	LA.settings.allowHalfSizeTokens.hint	scripts/setup/settings-register.js	839
LA.settings.debugPathHexCalculation.name	LA.settings.debugPathHexCalculation.name	scripts/setup/settings-register.js	860
LA.settings.debugPathHexCalculation.hint	LA.settings.debugPathHexCalculation.hint	scripts/setup/settings-register.js	861
LA.settings.debugMovement.name	LA.settings.debugMovement.name	scripts/setup/settings-register.js	869
LA.settings.debugMovement.hint	LA.settings.debugMovement.hint	scripts/setup/settings-register.js	870
LA.settings.debugOutOfCombat.name	LA.settings.debugOutOfCombat.name	scripts/setup/settings-register.js	878
LA.settings.debugOutOfCombat.hint	LA.settings.debugOutOfCombat.hint	scripts/setup/settings-register.js	879
LA.settings.debugAutomation.name	LA.settings.debugAutomation.name	scripts/setup/settings-register.js	887
LA.settings.debugAutomation.hint	LA.settings.debugAutomation.hint	scripts/setup/settings-register.js	888
LA.settings.debugForceJb2aFree.name	LA.settings.debugForceJb2aFree.name	scripts/setup/settings-register.js	896
LA.settings.debugForceJb2aFree.hint	LA.settings.debugForceJb2aFree.hint	scripts/setup/settings-register.js	897
LA.settings.lastNotifiedVersion.name	LA.settings.lastNotifiedVersion.name	scripts/setup/settings-register.js	905
LA.settings.linkManualDeploy.name	LA.settings.linkManualDeploy.name	scripts/setup/settings-register.js	913
LA.settings.linkManualDeploy.hint	LA.settings.linkManualDeploy.hint	scripts/setup/settings-register.js	914
LA.settings.count3DDistance.name	LA.settings.count3DDistance.name	scripts/setup/settings-register.js	922
LA.settings.count3DDistance.hint	LA.settings.count3DDistance.hint	scripts/setup/settings-register.js	923
LA.settings.obstructionBlocksVehicle.name	LA.settings.obstructionBlocksVehicle.name	scripts/setup/settings-register.js	931
LA.settings.obstructionBlocksVehicle.hint	LA.settings.obstructionBlocksVehicle.hint	scripts/setup/settings-register.js	932
LA.settings.obstructionBlocksSquad.name	LA.settings.obstructionBlocksSquad.name	scripts/setup/settings-register.js	940
LA.settings.obstructionBlocksSquad.hint	LA.settings.obstructionBlocksSquad.hint	scripts/setup/settings-register.js	941
LA.settings.obstructionBlocksHuman.name	LA.settings.obstructionBlocksHuman.name	scripts/setup/settings-register.js	949
LA.settings.obstructionBlocksHuman.hint	LA.settings.obstructionBlocksHuman.hint	scripts/setup/settings-register.js	950
LA.settings.obstructionBlocksSpecialist.name	LA.settings.obstructionBlocksSpecialist.name	scripts/setup/settings-register.js	958
LA.settings.obstructionBlocksSpecialist.hint	LA.settings.obstructionBlocksSpecialist.hint	scripts/setup/settings-register.js	959
LA.settings.lancerAutomationsConfigMenu.name	LA.settings.lancerAutomationsConfigMenu.name	scripts/setup/settingsMenus.js	2788
LA.settings.lancerAutomationsConfigMenu.hint	LA.settings.lancerAutomationsConfigMenu.hint	scripts/setup/settingsMenus.js	2790
LA.settings.lancerAutomationsConfigMenu.label	LA.settings.lancerAutomationsConfigMenu.label	scripts/setup/settingsMenus.js	2789
LA.settings.dataConsent.name	LA.settings.dataConsent.name	scripts/setup/telemetry.js	225
LA.settings.dataConsent.hint	LA.settings.dataConsent.hint	scripts/setup/telemetry.js	226
LA.settings.consentMenu.name	LA.settings.consentMenu.name	scripts/setup/telemetry.js	240
LA.settings.consentMenu.hint	LA.settings.consentMenu.hint	scripts/setup/telemetry.js	242
LA.settings.consentMenu.label	LA.settings.consentMenu.label	scripts/setup/telemetry.js	241
LA.settings.tourMenu.name	LA.settings.tourMenu.name	scripts/setup/tour.js	1798
LA.settings.tourMenu.hint	LA.settings.tourMenu.hint	scripts/setup/tour.js	1800
LA.settings.tourMenu.label	LA.settings.tourMenu.label	scripts/setup/tour.js	1799
LA.keybindings.actionWheel.name	LA.keybindings.actionWheel.name	scripts/tah/action-wheel.js	188
LA.keybindings.actionWheel.hint	LA.keybindings.actionWheel.hint	scripts/tah/action-wheel.js	189
LA.settings.tahEnabled.name	LA.settings.tahEnabled.name	scripts/tah/index.js	76
LA.settings.tahEnabled.hint	LA.settings.tahEnabled.hint	scripts/tah/index.js	77
LA.settings.tah.aboveActorSheets.name	LA.settings.tah.aboveActorSheets.name	scripts/tah/index.js	90
LA.settings.tah.aboveActorSheets.hint	LA.settings.tah.aboveActorSheets.hint	scripts/tah/index.js	91
LA.keybindings.tah.toggleSearch.name	LA.keybindings.tah.toggleSearch.name	scripts/tah/index.js	104
LA.keybindings.tah.toggleSearch.hint	LA.keybindings.tah.toggleSearch.hint	scripts/tah/index.js	105
LA.keybindings.tah.toggleFavorites.name	LA.keybindings.tah.toggleFavorites.name	scripts/tah/index.js	118
LA.keybindings.tah.toggleFavorites.hint	LA.keybindings.tah.toggleFavorites.hint	scripts/tah/index.js	119
LA.keybindings.tah.toggleStatuses.name	LA.keybindings.tah.toggleStatuses.name	scripts/tah/index.js	132
LA.keybindings.tah.toggleStatuses.hint	LA.keybindings.tah.toggleStatuses.hint	scripts/tah/index.js	133
LA.settings.tah.clickToOpen.name	LA.settings.tah.clickToOpen.name	scripts/tah/index.js	146
LA.settings.tah.clickToOpen.hint	LA.settings.tah.clickToOpen.hint	scripts/tah/index.js	147
LA.settings.tah.narrativeLinkedActorUuid.name	LA.settings.tah.narrativeLinkedActorUuid.name	scripts/tah/index.js	172
LA.settings.tah.hoverCloseDelay.name	LA.settings.tah.hoverCloseDelay.name	scripts/tah/index.js	185
LA.settings.tah.hoverCloseDelay.hint	LA.settings.tah.hoverCloseDelay.hint	scripts/tah/index.js	186
LA.settings.tah.keyboardNav.name	LA.settings.tah.keyboardNav.name	scripts/tah/index.js	194
LA.settings.tah.keyboardNav.hint	LA.settings.tah.keyboardNav.hint	scripts/tah/index.js	195
LA.settings.tah.keyboardNavResetDelay.name	LA.settings.tah.keyboardNavResetDelay.name	scripts/tah/index.js	202
LA.settings.tah.keyboardNavResetDelay.hint	LA.settings.tah.keyboardNavResetDelay.hint	scripts/tah/index.js	203
LA.settings.tah.preventWasdMovement.name	LA.settings.tah.preventWasdMovement.name	scripts/tah/index.js	211
LA.settings.tah.preventWasdMovement.hint	LA.settings.tah.preventWasdMovement.hint	scripts/tah/index.js	212
LA.settings.tah.maxColumnItems.name	LA.settings.tah.maxColumnItems.name	scripts/tah/index.js	219
LA.settings.tah.maxColumnItems.hint	LA.settings.tah.maxColumnItems.hint	scripts/tah/index.js	220
LA.settings.tah.wheelRadiusOffset.name	LA.settings.tah.wheelRadiusOffset.name	scripts/tah/index.js	228
LA.settings.tah.wheelRadiusOffset.hint	LA.settings.tah.wheelRadiusOffset.hint	scripts/tah/index.js	229
LA.settings.tah.rangePreview.name	LA.settings.tah.rangePreview.name	scripts/tah/index.js	237
LA.settings.tah.rangePreview.hint	LA.settings.tah.rangePreview.hint	scripts/tah/index.js	238
LA.settings.tah.uiScale.name	LA.settings.tah.uiScale.name	scripts/tah/index.js	245
LA.settings.tah.uiScale.hint	LA.settings.tah.uiScale.hint	scripts/tah/index.js	246
LA.settings.tah.showAidHandleInteractSqueeze.name	LA.settings.tah.showAidHandleInteractSqueeze.name	scripts/tah/index.js	261
LA.settings.tah.showAidHandleInteractSqueeze.hint	LA.settings.tah.showAidHandleInteractSqueeze.hint	scripts/tah/index.js	262
LA.settings.tah.rangePreviewOnAttackCard.name	LA.settings.tah.rangePreviewOnAttackCard.name	scripts/tah/index.js	269
LA.settings.tah.rangePreviewOnAttackCard.hint	LA.settings.tah.rangePreviewOnAttackCard.hint	scripts/tah/index.js	270
LA.settings.tah.uiSoundVolume.name	LA.settings.tah.uiSoundVolume.name	scripts/tah/index.js	277
LA.settings.tah.uiSoundVolume.hint	LA.settings.tah.uiSoundVolume.hint	scripts/tah/index.js	278
LA.settings.tah.tokenFeedbackVolume.name	LA.settings.tah.tokenFeedbackVolume.name	scripts/tah/index.js	286
LA.settings.tah.tokenFeedbackVolume.hint	LA.settings.tah.tokenFeedbackVolume.hint	scripts/tah/index.js	287
LA.settings.tah.damageSoundVolume.name	LA.settings.tah.damageSoundVolume.name	scripts/tah/index.js	295
LA.settings.tah.damageSoundVolume.hint	LA.settings.tah.damageSoundVolume.hint	scripts/tah/index.js	296
LA.settings.tah.actionFxVolume.name	LA.settings.tah.actionFxVolume.name	scripts/tah/index.js	304
LA.settings.tah.actionFxVolume.hint	LA.settings.tah.actionFxVolume.hint	scripts/tah/index.js	305
LA.settings.tah.battleLogVolume.name	LA.settings.tah.battleLogVolume.name	scripts/tah/index.js	319
LA.settings.tah.battleLogVolume.hint	LA.settings.tah.battleLogVolume.hint	scripts/tah/index.js	320
LA.settings.tah.battleLog.themeStart.choices.intro	LA.settings.tah.battleLog.themeStart.choices.intro	scripts/tah/index.js	352
LA.settings.tah.battleLog.themeStart.choices.result	LA.settings.tah.battleLog.themeStart.choices.result	scripts/tah/index.js	352
LA.keybindings.statusWheel.name	LA.keybindings.statusWheel.name	scripts/tah/status-wheel.js	408
LA.keybindings.statusWheel.hint	LA.keybindings.statusWheel.hint	scripts/tah/status-wheel.js	409
LA.settings.statBarEffectIconScale.name	LA.settings.statBarEffectIconScale.name	scripts/tah/tokenStatBar.js	3311
LA.settings.statBarEffectIconScale.hint	LA.settings.statBarEffectIconScale.hint	scripts/tah/tokenStatBar.js	3312
LA.settings.settingsCacheAllModules.name	LA.settings.settingsCacheAllModules.name	scripts/tools/settings-utils.js	19
LA.settings.settingsCacheAllModules.hint	LA.settings.settingsCacheAllModules.hint	scripts/tools/settings-utils.js	20
LA.settings.blindedSetsVision.name	LA.settings.blindedSetsVision.name	scripts/vision/blindedVision.js	110
LA.settings.blindedSetsVision.hint	LA.settings.blindedSetsVision.hint	scripts/vision/blindedVision.js	111
LA.settings.dragSuppressOriginSources.name	LA.settings.dragSuppressOriginSources.name	scripts/vision/dragOriginSources.js	42
LA.settings.dragSuppressOriginSources.hint	LA.settings.dragSuppressOriginSources.hint	scripts/vision/dragOriginSources.js	43
LA.settings.lancerSilhFilterTest.name	LA.settings.lancerSilhFilterTest.name	scripts/vision/lancerDetectionModes.js	1642
LA.settings.lancerVisionAutoAdd.name	LA.settings.lancerVisionAutoAdd.name	scripts/vision/lancerDetectionModes.js	1654
LA.settings.lancerVisionAutoAdd.hint	LA.settings.lancerVisionAutoAdd.hint	scripts/vision/lancerDetectionModes.js	1655
LA.settings.lancerSensorCombatOnly.name	LA.settings.lancerSensorCombatOnly.name	scripts/vision/lancerDetectionModes.js	1662
LA.settings.lancerSensorCombatOnly.hint	LA.settings.lancerSensorCombatOnly.hint	scripts/vision/lancerDetectionModes.js	1663
LA.settings.lancerAwarenessCombatOnly.name	LA.settings.lancerAwarenessCombatOnly.name	scripts/vision/lancerDetectionModes.js	1671
LA.settings.lancerAwarenessCombatOnly.hint	LA.settings.lancerAwarenessCombatOnly.hint	scripts/vision/lancerDetectionModes.js	1672
LA.settings.lancerSensorUseModeRange.name	LA.settings.lancerSensorUseModeRange.name	scripts/vision/lancerDetectionModes.js	1680
LA.settings.lancerSensorUseModeRange.hint	LA.settings.lancerSensorUseModeRange.hint	scripts/vision/lancerDetectionModes.js	1681
LA.settings.lancerAwarenessUseModeRange.name	LA.settings.lancerAwarenessUseModeRange.name	scripts/vision/lancerDetectionModes.js	1689
LA.settings.lancerAwarenessUseModeRange.hint	LA.settings.lancerAwarenessUseModeRange.hint	scripts/vision/lancerDetectionModes.js	1690
LA.settings.lancerLos.name	LA.settings.lancerLos.name	scripts/vision/lancerDetectionModes.js	1698
LA.settings.lancerLos.hint	LA.settings.lancerLos.hint	scripts/vision/lancerDetectionModes.js	1699
LA.settings.lancerLosHeightRule.name	LA.settings.lancerLosHeightRule.name	scripts/vision/lancerDetectionModes.js	1707
LA.settings.lancerLosHeightRule.hint	LA.settings.lancerLosHeightRule.hint	scripts/vision/lancerDetectionModes.js	1708
LA.settings.lancerLosHeightRule.choices.discrete	LA.settings.lancerLosHeightRule.choices.discrete	scripts/vision/lancerDetectionModes.js	1706
LA.settings.lancerLosHeightRule.choices.trig	LA.settings.lancerLosHeightRule.choices.trig	scripts/vision/lancerDetectionModes.js	1706
LA.settings.lancerLosDebug.name	LA.settings.lancerLosDebug.name	scripts/vision/lancerDetectionModes.js	1720
LA.settings.lancerLosDebug.hint	LA.settings.lancerLosDebug.hint	scripts/vision/lancerDetectionModes.js	1721
LA.settings.basicSightTo999.name	LA.settings.basicSightTo999.name	scripts/vision/lancerDetectionModes.js	1729
LA.settings.basicSightTo999.hint	LA.settings.basicSightTo999.hint	scripts/vision/lancerDetectionModes.js	1730
LA.settings.dragVisionMode.name	LA.settings.dragVisionMode.name	scripts/vision/lancerDetectionModes.js	1737
LA.settings.dragVisionMode.hint	LA.settings.dragVisionMode.hint	scripts/vision/lancerDetectionModes.js	1738
LA.settings.dragVisionMode.choices.ratio	LA.settings.dragVisionMode.choices.ratio	scripts/vision/lancerDetectionModes.js	1736
LA.settings.dragVisionMode.choices.flat	LA.settings.dragVisionMode.choices.flat	scripts/vision/lancerDetectionModes.js	1736
LA.settings.lancerLosFlagOnly.name	LA.settings.lancerLosFlagOnly.name	scripts/vision/laWallLos.js	160
LA.settings.lancerLosFlagOnly.hint	LA.settings.lancerLosFlagOnly.hint	scripts/vision/laWallLos.js	161
LA.settings.lancerLosAttackHover.name	LA.settings.lancerLosAttackHover.name	scripts/vision/sightlines.js	682
LA.settings.lancerLosAttackHover.hint	LA.settings.lancerLosAttackHover.hint	scripts/vision/sightlines.js	683
LA.settings.bulwarkBlocksLineOfSight.name	LA.settings.bulwarkBlocksLineOfSight.name	scripts/vision/tokenBlocksVision.js	228
LA.settings.bulwarkBlocksLineOfSight.hint	LA.settings.bulwarkBlocksLineOfSight.hint	scripts/vision/tokenBlocksVision.js	229
LA.settings.disableVisionAboveControlled.name	LA.settings.disableVisionAboveControlled.name	scripts/vision/vision-disable-on-select.js	34
LA.settings.disableVisionAboveControlled.hint	LA.settings.disableVisionAboveControlled.hint	scripts/vision/vision-disable-on-select.js	35
LA.settings.visionFromEdgeEnabled.name	LA.settings.visionFromEdgeEnabled.name	scripts/vision/visionFromEdge.js	621
LA.settings.visionFromEdgeEnabled.hint	LA.settings.visionFromEdgeEnabled.hint	scripts/vision/visionFromEdge.js	622
LA.settings.visionFromEdgeDebug.name	LA.settings.visionFromEdgeDebug.name	scripts/vision/visionFromEdge.js	631
LA.settings.visionFromEdgeDebug.hint	LA.settings.visionFromEdgeDebug.hint	scripts/vision/visionFromEdge.js	632
LA.settings.visionFromEdgeSampleOffset.name	LA.settings.visionFromEdgeSampleOffset.name	scripts/vision/visionFromEdge.js	648
LA.settings.visionFromEdgeSampleOffset.hint	LA.settings.visionFromEdgeSampleOffset.hint	scripts/vision/visionFromEdge.js	649
LA.settings.visionFromEdgeSampleMode.name	LA.settings.visionFromEdgeSampleMode.name	scripts/vision/visionFromEdge.js	659
LA.settings.visionFromEdgeSampleMode.hint	LA.settings.visionFromEdgeSampleMode.hint	scripts/vision/visionFromEdge.js	660
LA.settings.visionFromEdgeSampleMode.choices.corners4	LA.settings.visionFromEdgeSampleMode.choices.corners4	scripts/vision/visionFromEdge.js	658
LA.settings.visionFromEdgeSampleMode.choices.perimeter8	LA.settings.visionFromEdgeSampleMode.choices.perimeter8	scripts/vision/visionFromEdge.js	658
LA.settings.visionFromEdgeSampleMode.choices.perimeter16	LA.settings.visionFromEdgeSampleMode.choices.perimeter16	scripts/vision/visionFromEdge.js	658
LA.settings.visionFromEdgeSampleMode.choices.silhouette	LA.settings.visionFromEdgeSampleMode.choices.silhouette	scripts/vision/visionFromEdge.js	658
LA.settings.visionFromEdgeSampleMode.choices.silhouette2	LA.settings.visionFromEdgeSampleMode.choices.silhouette2	scripts/vision/visionFromEdge.js	658
LA.settings.visionFromEdgeSampleMode.choices.adaptive	LA.settings.visionFromEdgeSampleMode.choices.adaptive	scripts/vision/visionFromEdge.js	658
